Sequence_Length,Average_Runtime_Seconds,Standard_Deviation,Pairs_Tested
500,0.14889679,0.00306455,10
1000,0.61312110,0.02073678,10
2000,2.42515313,0.03604848,10
4000,9.83532643,0.13107216,10
5000,15.62871526,0.20458823,10
