Sequence_Length,Average_Runtime_Seconds,Standard_Deviation,Pairs_Tested
500,0.14649464,0.00299785,10
1000,0.62363428,0.04785680,10
2000,2.45779994,0.04870203,10
4000,10.08423600,0.06207736,10
5000,15.94615480,0.13754384,10
